recipe	command	status	reason
projects/ores.shell/scripts/library/images/images-add.ores	images add 00000000-0000-0000-0000-000000000000 __none__ __none__ __none__ __none__ system.new_record generated_script	ANSWERED	ok
projects/ores.shell/scripts/library/images/images-delete-many.ores	images delete-many __none__ system.new_record generated_script	ANSWERED	ok
projects/ores.shell/scripts/library/images/images-delete.ores	images delete __none__ system.new_record generated_script	ANSWERED	ok
projects/ores.shell/scripts/library/images/images-get-many.ores	images get-many __none__	ANSWERED	ok
projects/ores.shell/scripts/library/images/images-get.ores	images get __none__	ANSWERED	ok
projects/ores.shell/scripts/library/images/images-list.ores	images list --limit 1	ANSWERED	ok
projects/ores.shell/scripts/library/images/images-put-many.ores	images put-many --count 1 00000000-0000-0000-0000-000000000000 __none__ __none__ __none__ __none__ system.new_record generated_script	ANSWERED	ok
projects/ores.shell/scripts/library/images/images-set.ores	images set 00000000-0000-0000-0000-000000000000 __none__ __none__ __none__ __none__ system.new_record generated_script	ANSWERED	ok
projects/ores.shell/scripts/library/images/images-version.ores	images version __none__ --version 1	ANSWERED	ok
projects/ores.shell/scripts/library/images/images-versions.ores	images versions __none__ --limit 1	ANSWERED	ok
projects/ores.shell/scripts/library/image_tags/image_tags-add.ores	image_tags add 00000000-0000-0000-0000-000000000000 00000000-0000-0000-0000-000000000000 __none__ 1970-01-01T00:00:00Z system.new_record generated_script	ANSWERED_WITH_ERROR	✗ Script aborted at line 2: image_tags add 00000000-0000-0000-0000-000000000000 00000000-0000-0000-0000-000000000000 __none__ 1970-01-01T00:00:00Z system.new_record generated_script
projects/ores.shell/scripts/library/image_tags/image_tags-by-image-id.ores	image_tags by-image-id 00000000-0000-0000-0000-000000000000 --limit 1	ANSWERED_WITH_ERROR	✗ Script aborted at line 2: image_tags by-image-id 00000000-0000-0000-0000-000000000000 --limit 1
projects/ores.shell/scripts/library/image_tags/image_tags-delete-many.ores	image_tags delete-many 00000000-0000-0000-0000-000000000000 00000000-0000-0000-0000-000000000000 system.new_record generated_script	ANSWERED_WITH_ERROR	✗ Script aborted at line 2: image_tags delete-many 00000000-0000-0000-0000-000000000000 00000000-0000-0000-0000-000000000000 system.new_record generated_script
projects/ores.shell/scripts/library/image_tags/image_tags-delete.ores	image_tags delete 00000000-0000-0000-0000-000000000000 00000000-0000-0000-0000-000000000000 system.new_record generated_script	ANSWERED_WITH_ERROR	✗ Script aborted at line 2: image_tags delete 00000000-0000-0000-0000-000000000000 00000000-0000-0000-0000-000000000000 system.new_record generated_script
projects/ores.shell/scripts/library/image_tags/image_tags-get-many.ores	image_tags get-many 00000000-0000-0000-0000-000000000000 00000000-0000-0000-0000-000000000000	ANSWERED_WITH_ERROR	✗ Script aborted at line 2: image_tags get-many 00000000-0000-0000-0000-000000000000 00000000-0000-0000-0000-000000000000
projects/ores.shell/scripts/library/image_tags/image_tags-get.ores	image_tags get 00000000-0000-0000-0000-000000000000 00000000-0000-0000-0000-000000000000	ANSWERED_WITH_ERROR	✗ Script aborted at line 2: image_tags get 00000000-0000-0000-0000-000000000000 00000000-0000-0000-0000-000000000000
projects/ores.shell/scripts/library/image_tags/image_tags-list.ores	image_tags list --limit 1	ANSWERED_WITH_ERROR	✗ Script aborted at line 2: image_tags list --limit 1
projects/ores.shell/scripts/library/image_tags/image_tags-put-many.ores	image_tags put-many --count 1 00000000-0000-0000-0000-000000000000 00000000-0000-0000-0000-000000000000 __none__ 1970-01-01T00:00:00Z system.new_record generated_script	ANSWERED_WITH_ERROR	✗ Script aborted at line 2: image_tags put-many --count 1 00000000-0000-0000-0000-000000000000 00000000-0000-0000-0000-000000000000 __none__ 1970-01-01T00:00:00Z system.new_record generated_script
projects/ores.shell/scripts/library/image_tags/image_tags-set.ores	image_tags set 00000000-0000-0000-0000-000000000000 00000000-0000-0000-0000-000000000000 __none__ 1970-01-01T00:00:00Z system.new_record generated_script	ANSWERED_WITH_ERROR	✗ Script aborted at line 2: image_tags set 00000000-0000-0000-0000-000000000000 00000000-0000-0000-0000-000000000000 __none__ 1970-01-01T00:00:00Z system.new_record generated_script
projects/ores.shell/scripts/library/tags/tags-add.ores	tags add 00000000-0000-0000-0000-000000000000 __none__ __none__ system.new_record generated_script	ANSWERED	ok
projects/ores.shell/scripts/library/tags/tags-delete-many.ores	tags delete-many __none__ system.new_record generated_script	ANSWERED	ok
projects/ores.shell/scripts/library/tags/tags-delete.ores	tags delete __none__ system.new_record generated_script	ANSWERED	ok
projects/ores.shell/scripts/library/tags/tags-get-many.ores	tags get-many __none__	ANSWERED	ok
projects/ores.shell/scripts/library/tags/tags-get.ores	tags get __none__	ANSWERED	ok
projects/ores.shell/scripts/library/tags/tags-list.ores	tags list --limit 1	ANSWERED	ok
projects/ores.shell/scripts/library/tags/tags-put-many.ores	tags put-many --count 1 00000000-0000-0000-0000-000000000000 __none__ __none__ system.new_record generated_script	ANSWERED	ok
projects/ores.shell/scripts/library/tags/tags-set.ores	tags set 00000000-0000-0000-0000-000000000000 __none__ __none__ system.new_record generated_script	ANSWERED	ok
projects/ores.shell/scripts/library/tags/tags-version.ores	tags version __none__ --version 1	ANSWERED	ok
projects/ores.shell/scripts/library/tags/tags-versions.ores	tags versions __none__ --limit 1	ANSWERED	ok
