header	symbol	outside	tests	own	verdict
core/include/ores.telemetry.core/domain/attribute_value.hpp	attribute_value	0	0	4	production
core/include/ores.telemetry.core/domain/attribute_value.hpp	attributes	0	0	4	production
core/include/ores.telemetry.core/domain/log_record.hpp	log_record	0	0	11	production
core/include/ores.telemetry.core/domain/nats_samples_query.hpp	nats_server_samples_query	0	0	3	production
core/include/ores.telemetry.core/domain/nats_samples_query.hpp	nats_stream_samples_query	0	0	3	production
core/include/ores.telemetry.core/domain/nats_server_sample.hpp	nats_server_sample	0	0	6	production
core/include/ores.telemetry.core/domain/nats_stream_sample.hpp	nats_stream_sample	0	0	6	production
core/include/ores.telemetry.core/domain/resource.hpp	resource	1	2	11	production
core/include/ores.telemetry.core/domain/resource.hpp	resource::from_environment	1	2	1	production
core/include/ores.telemetry.core/domain/resource.hpp	resource::service_name	0	1	0	test-only
core/include/ores.telemetry.core/domain/resource.hpp	resource::host_name	0	1	0	test-only
core/include/ores.telemetry.core/domain/resource.hpp	resource::host_id	0	1	0	test-only
core/include/ores.telemetry.core/domain/semantic_conventions.hpp	semconv::link::relationship	0	1	1	test-only
core/include/ores.telemetry.core/domain/semantic_conventions.hpp	semconv::link::triggered_by	0	1	1	test-only
core/include/ores.telemetry.core/domain/semantic_conventions.hpp	semconv::link::follows_from	0	0	0	none
core/include/ores.telemetry.core/domain/semantic_conventions.hpp	semconv::link::caused_by	0	0	0	none
core/include/ores.telemetry.core/domain/semantic_conventions.hpp	semconv::session::id	0	0	0	none
core/include/ores.telemetry.core/domain/semantic_conventions.hpp	semconv::service::name	0	0	0	none
core/include/ores.telemetry.core/domain/semantic_conventions.hpp	semconv::service::version	0	0	0	none
core/include/ores.telemetry.core/domain/semantic_conventions.hpp	semconv::service::instance_id	0	0	0	none
core/include/ores.telemetry.core/domain/semantic_conventions.hpp	semconv::host::name	0	0	0	none
core/include/ores.telemetry.core/domain/semantic_conventions.hpp	semconv::host::id	0	0	0	none
core/include/ores.telemetry.core/domain/semantic_conventions.hpp	semconv::process::pid	0	0	0	none
core/include/ores.telemetry.core/domain/service_sample.hpp	service_sample	0	0	6	production
core/include/ores.telemetry.core/domain/span.hpp	span	0	1	1	test-only
core/include/ores.telemetry.core/domain/span.hpp	span::is_session	0	1	0	test-only
core/include/ores.telemetry.core/domain/span.hpp	span::is_root	0	1	0	test-only
core/include/ores.telemetry.core/domain/span.hpp	span::duration	0	1	0	test-only
core/include/ores.telemetry.core/domain/span_context.hpp	span_context	0	1	2	test-only
core/include/ores.telemetry.core/domain/span_context.hpp	span_context::is_valid	0	1	1	test-only
core/include/ores.telemetry.core/domain/span_context.hpp	span_context::is_sampled	0	0	0	none
core/include/ores.telemetry.core/domain/span_id.hpp	span_id	0	2	8	production
core/include/ores.telemetry.core/domain/span_kind.hpp	span_kind	0	1	2	test-only
core/include/ores.telemetry.core/domain/span_link.hpp	span_link	0	0	2	test-only
core/include/ores.telemetry.core/domain/span_status.hpp	span_status_code	0	0	1	test-only
core/include/ores.telemetry.core/domain/telemetry_batch.hpp	telemetry_batch	0	1	3	production
core/include/ores.telemetry.core/domain/telemetry_batch.hpp	telemetry_batch::size	0	1	1	production
core/include/ores.telemetry.core/domain/telemetry_batch.hpp	telemetry_batch::empty	0	0	1	production
core/include/ores.telemetry.core/domain/telemetry_batch.hpp	telemetry_batch::clear	0	0	0	none
core/include/ores.telemetry.core/domain/telemetry_context.hpp	telemetry_context	0	1	1	test-only
core/include/ores.telemetry.core/domain/telemetry_context.hpp	telemetry_context::create_root	0	1	0	test-only
core/include/ores.telemetry.core/domain/telemetry_context.hpp	telemetry_context::start_span	0	1	0	test-only
core/include/ores.telemetry.core/domain/telemetry_context.hpp	telemetry_context::start_linked_trace	0	1	0	test-only
core/include/ores.telemetry.core/domain/telemetry_context.hpp	telemetry_context::get_trace_id	0	1	1	test-only
core/include/ores.telemetry.core/domain/telemetry_context.hpp	telemetry_context::get_span_id	0	1	1	test-only
core/include/ores.telemetry.core/domain/telemetry_context.hpp	telemetry_context::get_resource	0	0	0	none
core/include/ores.telemetry.core/domain/telemetry_context.hpp	telemetry_context::resource_ptr	0	1	0	test-only
core/include/ores.telemetry.core/domain/telemetry_context.hpp	telemetry_context::is_valid	0	1	0	test-only
core/include/ores.telemetry.core/domain/telemetry_log_entry.hpp	telemetry_log_entry	1	2	13	production
core/include/ores.telemetry.core/domain/telemetry_query.hpp	telemetry_query	0	1	3	production
core/include/ores.telemetry.core/domain/telemetry_query.hpp	stats_granularity	0	0	0	none
core/include/ores.telemetry.core/domain/telemetry_query.hpp	telemetry_stats_query	0	0	1	none
core/include/ores.telemetry.core/domain/telemetry_source.hpp	telemetry_source	0	2	5	production
core/include/ores.telemetry.core/domain/telemetry_source.hpp	to_string	0	0	2	production
core/include/ores.telemetry.core/domain/telemetry_source.hpp	telemetry_source_from_string	0	0	2	production
core/include/ores.telemetry.core/domain/telemetry_stats.hpp	telemetry_stats	0	0	2	none
core/include/ores.telemetry.core/domain/telemetry_stats.hpp	telemetry_summary	0	1	2	test-only
core/include/ores.telemetry.core/domain/trace_id.hpp	trace_id	0	2	8	production
core/include/ores.telemetry.core/exporting/telemetry_configuration.hpp	telemetry_configuration	1	0	1	production
core/include/ores.telemetry.core/exporting/telemetry_configuration.hpp	telemetry_configuration::make_options_description	1	0	0	production
core/include/ores.telemetry.core/exporting/telemetry_configuration.hpp	telemetry_configuration::read_options	1	0	0	production
core/include/ores.telemetry.core/exporting/telemetry_options.hpp	telemetry_options	1	0	4	production
core/include/ores.telemetry.core/exporting/log_exporter.hpp	log_exporter	0	0	2	none
core/include/ores.telemetry.core/exporting/file_log_exporter.hpp	file_log_exporter	0	0	1	none
core/include/ores.telemetry.core/exporting/hybrid_log_exporter.hpp	hybrid_log_exporter	0	0	1	none
core/include/ores.telemetry.core/exporting/hybrid_log_exporter.hpp	send_records_callback	0	0	1	none
core/include/ores.telemetry.core/exporting/upload_position_tracker.hpp	upload_position_tracker	0	0	1	none
core/include/ores.telemetry.core/generators/span_id_generator.hpp	span_id_generator	0	2	1	test-only
core/include/ores.telemetry.core/generators/trace_id_generator.hpp	trace_id_generator	0	2	1	test-only
core/include/ores.telemetry.core/log/database_sink_backend.hpp	database_log_handler	0	0	5	production
core/include/ores.telemetry.core/log/database_sink_backend.hpp	database_sink_backend	0	1	5	production
core/include/ores.telemetry.core/log/database_sink_backend.hpp	database_sink_backend::set_session_id	0	1	0	test-only
core/include/ores.telemetry.core/log/database_sink_backend.hpp	database_sink_backend::set_account_id	0	1	0	test-only
core/include/ores.telemetry.core/log/database_sink_utils.hpp	make_forwarding_handler	0	1	1	test-only
core/include/ores.telemetry.core/log/lifecycle_manager.hpp	lifecycle_manager	4	1	2	production
core/include/ores.telemetry.core/log/lifecycle_manager.hpp	lifecycle_manager::add_telemetry_sink	0	0	0	none
core/include/ores.telemetry.core/log/lifecycle_manager.hpp	lifecycle_manager::add_database_sink	1	0	1	production
core/include/ores.telemetry.core/log/macros.hpp	trace_context_injector	0	0	0	none
core/include/ores.telemetry.core/log/macros.hpp	TLOG_SEV	0	0	0	none
core/include/ores.telemetry.core/log/skip_telemetry_guard.hpp	skip_telemetry_attribute	0	0	1	production
core/include/ores.telemetry.core/log/skip_telemetry_guard.hpp	skip_telemetry_guard	0	0	6	production
core/include/ores.telemetry.core/log/skip_telemetry_guard.hpp	should_skip_telemetry	0	0	2	production
core/include/ores.telemetry.core/log/telemetry_sink_backend.hpp	telemetry_sink_backend	0	0	3	production
core/include/ores.telemetry.core/messaging/nats_samples_protocol.hpp	get_nats_server_samples_request	0	0	2	production
core/include/ores.telemetry.core/messaging/nats_samples_protocol.hpp	get_nats_server_samples_response	0	0	1	production
core/include/ores.telemetry.core/messaging/nats_samples_protocol.hpp	get_nats_stream_samples_request	0	0	2	production
core/include/ores.telemetry.core/messaging/nats_samples_protocol.hpp	get_nats_stream_samples_response	0	0	1	production
core/include/ores.telemetry.core/messaging/service_samples_protocol.hpp	service_heartbeat_message	1	0	2	production
core/include/ores.telemetry.core/messaging/service_samples_protocol.hpp	get_service_samples_request	0	0	2	production
core/include/ores.telemetry.core/messaging/service_samples_protocol.hpp	get_service_samples_response	0	0	1	production
core/include/ores.telemetry.core/messaging/telemetry_protocol.hpp	get_telemetry_logs_request	0	0	2	production
core/include/ores.telemetry.core/messaging/telemetry_protocol.hpp	get_telemetry_logs_response	0	0	1	production
core/include/ores.telemetry.core/messaging/telemetry_protocol.hpp	publish_log_entry_item	2	0	0	production
core/include/ores.telemetry.core/messaging/telemetry_protocol.hpp	publish_log_entries_request	1	0	2	production
database/include/ores.telemetry.database/log/database_sink_utils.hpp	make_database_handler	0	0	0	none
database/include/ores.telemetry.database/log/database_sink_utils.hpp	make_database_handler_with_error_callback	0	0	0	none
database/include/ores.telemetry.database/repository/telemetry_entity.hpp	telemetry_entity	0	0	4	production
database/include/ores.telemetry.database/repository/telemetry_entity.hpp	telemetry_stats_hourly_entity	0	0	3	none
database/include/ores.telemetry.database/repository/telemetry_entity.hpp	telemetry_stats_daily_entity	0	0	3	none
database/include/ores.telemetry.database/repository/telemetry_entity.hpp	nats_server_sample_entity	0	0	3	production
database/include/ores.telemetry.database/repository/telemetry_entity.hpp	service_sample_entity	0	0	3	production
database/include/ores.telemetry.database/repository/telemetry_entity.hpp	nats_stream_sample_entity	0	0	3	production
database/include/ores.telemetry.database/repository/telemetry_mapper.hpp	telemetry_mapper	0	0	2	production
database/include/ores.telemetry.database/repository/telemetry_mapper.hpp	telemetry_mapper::to_entity	0	0	1	production
database/include/ores.telemetry.database/repository/telemetry_mapper.hpp	telemetry_mapper::to_domain	0	0	1	production
database/include/ores.telemetry.database/repository/telemetry_mapper.hpp	telemetry_mapper::to_domain_stats	0	0	1	none
database/include/ores.telemetry.database/repository/telemetry_repository.hpp	telemetry_repository	1	1	7	production
database/include/ores.telemetry.database/repository/telemetry_repository.hpp	telemetry_repository::sql	0	0	0	none
database/include/ores.telemetry.database/repository/telemetry_repository.hpp	telemetry_repository::create	1	1	0	production
database/include/ores.telemetry.database/repository/telemetry_repository.hpp	telemetry_repository::create_batch	0	1	1	production
database/include/ores.telemetry.database/repository/telemetry_repository.hpp	telemetry_repository::query	0	1	1	production
database/include/ores.telemetry.database/repository/telemetry_repository.hpp	telemetry_repository::count	0	1	1	production
database/include/ores.telemetry.database/repository/telemetry_repository.hpp	telemetry_repository::read_by_session	0	1	0	test-only
database/include/ores.telemetry.database/repository/telemetry_repository.hpp	telemetry_repository::read_by_account	0	0	0	none
database/include/ores.telemetry.database/repository/telemetry_repository.hpp	telemetry_repository::read_hourly_stats	0	0	0	none
database/include/ores.telemetry.database/repository/telemetry_repository.hpp	telemetry_repository::read_daily_stats	0	0	0	none
database/include/ores.telemetry.database/repository/telemetry_repository.hpp	telemetry_repository::get_summary	0	1	0	test-only
database/include/ores.telemetry.database/repository/telemetry_repository.hpp	telemetry_repository::count_errors	0	0	0	none
database/include/ores.telemetry.database/repository/telemetry_repository.hpp	telemetry_repository::delete_old_logs	0	0	0	none
database/include/ores.telemetry.database/repository/telemetry_repository.hpp	telemetry_repository::insert_server_sample	0	0	1	production
database/include/ores.telemetry.database/repository/telemetry_repository.hpp	telemetry_repository::insert_stream_samples	0	0	1	production
database/include/ores.telemetry.database/repository/telemetry_repository.hpp	telemetry_repository::query_server_samples	0	0	0	none
database/include/ores.telemetry.database/repository/telemetry_repository.hpp	telemetry_repository::query_stream_samples	0	0	0	none
database/include/ores.telemetry.database/repository/telemetry_repository.hpp	telemetry_repository::insert_service_sample	0	0	1	production
database/include/ores.telemetry.database/repository/telemetry_repository.hpp	telemetry_repository::list_service_samples	0	0	1	production
service/include/ores.telemetry.service/app/application_exception.hpp	application_exception	0	0	0	none
service/include/ores.telemetry.service/app/application.hpp	application	0	0	2	production
service/include/ores.telemetry.service/app/application.hpp	application::run	0	0	1	production
service/include/ores.telemetry.service/app/host.hpp	host	0	0	1	production
service/include/ores.telemetry.service/app/host.hpp	host::execute	0	0	1	production
service/include/ores.telemetry.service/app/nats_poller.hpp	nats_poller	0	0	2	production
service/include/ores.telemetry.service/app/nats_poller.hpp	nats_poller::run	0	0	1	production
service/include/ores.telemetry.service/config/options.hpp	options	0	1	5	production
service/include/ores.telemetry.service/config/parser_exception.hpp	parser_exception	0	1	2	production
service/include/ores.telemetry.service/config/parser.hpp	parser	0	1	2	production
service/include/ores.telemetry.service/config/parser.hpp	parser::parse	0	1	1	production
service/include/ores.telemetry.service/messaging/registrar.hpp	registrar	0	0	2	production
service/include/ores.telemetry.service/messaging/registrar.hpp	registrar::register_handlers	0	0	1	production
