AED-CMS-1Y	oresmd://ir/AED?type=fixing&index=swap&tenor=1Y
AED-CMS-30Y	oresmd://ir/AED?type=fixing&index=swap&tenor=30Y
AED-EIBOR-3M	oresmd://ir/AED?type=fixing&index=ibor&name=EIBOR&tenor=3M
AED-EIBORON	oresmd://ir/AED?type=fixing&index=ibor&name=EIBORON
AMD-GENERIC	oresmd://ir/AMD?type=fixing&index=ibor&name=GENERIC
AMD-GENERIC-3M	oresmd://ir/AMD?type=fixing&index=ibor&name=GENERIC&tenor=3M
AOA-CMS-1Y	oresmd://ir/AOA?type=fixing&index=swap&tenor=1Y
AOA-CMS-30Y	oresmd://ir/AOA?type=fixing&index=swap&tenor=30Y
AOA-GENERIC	oresmd://ir/AOA?type=fixing&index=ibor&name=GENERIC
AOA-GENERIC-3M	oresmd://ir/AOA?type=fixing&index=ibor&name=GENERIC&tenor=3M
ARS-CMS-1Y	oresmd://ir/ARS?type=fixing&index=swap&tenor=1Y
ARS-CMS-30Y	oresmd://ir/ARS?type=fixing&index=swap&tenor=30Y
ARS-GENERIC	oresmd://ir/ARS?type=fixing&index=ibor&name=GENERIC
ARS-GENERIC-3M	oresmd://ir/ARS?type=fixing&index=ibor&name=GENERIC&tenor=3M
AUCPI	oresmd://inflation/AUCPI?type=fixing&index=inflation
AUD-AONIA	oresmd://ir/AUD?type=fixing&index=ibor&name=AONIA
AUD-BBSW	oresmd://ir/AUD?type=fixing&index=ibor&name=BBSW
AUD-BBSW-1M	oresmd://ir/AUD?type=fixing&index=ibor&name=BBSW&tenor=1M
AUD-BBSW-3M	oresmd://ir/AUD?type=fixing&index=ibor&name=BBSW&tenor=3M
AUD-BBSW-6M	oresmd://ir/AUD?type=fixing&index=ibor&name=BBSW&tenor=6M
AUD-CMS-10Y	oresmd://ir/AUD?type=fixing&index=swap&tenor=10Y
AUD-CMS-12Y	oresmd://ir/AUD?type=fixing&index=swap&tenor=12Y
AUD-CMS-15Y	oresmd://ir/AUD?type=fixing&index=swap&tenor=15Y
AUD-CMS-1Y	oresmd://ir/AUD?type=fixing&index=swap&tenor=1Y
AUD-CMS-20Y	oresmd://ir/AUD?type=fixing&index=swap&tenor=20Y
AUD-CMS-25Y	oresmd://ir/AUD?type=fixing&index=swap&tenor=25Y
AUD-CMS-2Y	oresmd://ir/AUD?type=fixing&index=swap&tenor=2Y
AUD-CMS-30Y	oresmd://ir/AUD?type=fixing&index=swap&tenor=30Y
AUD-CMS-3Y	oresmd://ir/AUD?type=fixing&index=swap&tenor=3Y
AUD-CMS-4Y	oresmd://ir/AUD?type=fixing&index=swap&tenor=4Y
AUD-CMS-5Y	oresmd://ir/AUD?type=fixing&index=swap&tenor=5Y
AUD-CMS-6Y	oresmd://ir/AUD?type=fixing&index=swap&tenor=6Y
AUD-CMS-7Y	oresmd://ir/AUD?type=fixing&index=swap&tenor=7Y
AUD-CMS-8Y	oresmd://ir/AUD?type=fixing&index=swap&tenor=8Y
AUD-CMS-9Y	oresmd://ir/AUD?type=fixing&index=swap&tenor=9Y
AZN-GENERIC	oresmd://ir/AZN?type=fixing&index=ibor&name=GENERIC
AZN-GENERIC-3M	oresmd://ir/AZN?type=fixing&index=ibor&name=GENERIC&tenor=3M
BDT-GENERIC	oresmd://ir/BDT?type=fixing&index=ibor&name=GENERIC
BDT-GENERIC-3M	oresmd://ir/BDT?type=fixing&index=ibor&name=GENERIC&tenor=3M
BECPIHL	oresmd://inflation/BECPIHL?type=fixing&index=inflation
BGN-CMS-1Y	oresmd://ir/BGN?type=fixing&index=swap&tenor=1Y
BGN-CMS-30Y	oresmd://ir/BGN?type=fixing&index=swap&tenor=30Y
BGN-GENERIC	oresmd://ir/BGN?type=fixing&index=ibor&name=GENERIC
BGN-GENERIC-3M	oresmd://ir/BGN?type=fixing&index=ibor&name=GENERIC&tenor=3M
BHD-CMS-1Y	oresmd://ir/BHD?type=fixing&index=swap&tenor=1Y
BHD-CMS-30Y	oresmd://ir/BHD?type=fixing&index=swap&tenor=30Y
BHD-GENERIC	oresmd://ir/BHD?type=fixing&index=ibor&name=GENERIC
BHD-GENERIC-3M	oresmd://ir/BHD?type=fixing&index=ibor&name=GENERIC&tenor=3M
BRCPIIPCA	oresmd://inflation/BRCPIIPCA?type=fixing&index=inflation
BRL-CDI	oresmd://ir/BRL?type=fixing&index=ibor&name=CDI
BRL-CMS-1Y	oresmd://ir/BRL?type=fixing&index=swap&tenor=1Y
BRL-CMS-30Y	oresmd://ir/BRL?type=fixing&index=swap&tenor=30Y
BRL-GENERIC	oresmd://ir/BRL?type=fixing&index=ibor&name=GENERIC
BRL-GENERIC-3M	oresmd://ir/BRL?type=fixing&index=ibor&name=GENERIC&tenor=3M
BRL-SELIC	oresmd://ir/BRL?type=fixing&index=ibor&name=SELIC
BWP-GENERIC	oresmd://ir/BWP?type=fixing&index=ibor&name=GENERIC
BWP-GENERIC-3M	oresmd://ir/BWP?type=fixing&index=ibor&name=GENERIC&tenor=3M
CACPI	oresmd://inflation/CACPI?type=fixing&index=inflation
CAD-CDOR	oresmd://ir/CAD?type=fixing&index=ibor&name=CDOR
CAD-CDOR-1M	oresmd://ir/CAD?type=fixing&index=ibor&name=CDOR&tenor=1M
CAD-CDOR-3M	oresmd://ir/CAD?type=fixing&index=ibor&name=CDOR&tenor=3M
CAD-CDOR-6M	oresmd://ir/CAD?type=fixing&index=ibor&name=CDOR&tenor=6M
CAD-CMS-1Y	oresmd://ir/CAD?type=fixing&index=swap&tenor=1Y
CAD-CMS-30Y	oresmd://ir/CAD?type=fixing&index=swap&tenor=30Y
CAD-CMS-CDOR-1Y	oresmd://ir/CAD?type=fixing&index=swap&tag=CDOR&tenor=1Y
CAD-CMS-CDOR-30Y	oresmd://ir/CAD?type=fixing&index=swap&tag=CDOR&tenor=30Y
CAD-CMS-CORRA-1Y	oresmd://ir/CAD?type=fixing&index=swap&tag=CORRA&tenor=1Y
CAD-CMS-CORRA-30Y	oresmd://ir/CAD?type=fixing&index=swap&tag=CORRA&tenor=30Y
CAD-CORRA	oresmd://ir/CAD?type=fixing&index=ibor&name=CORRA
CAD-CORRA-1M	oresmd://ir/CAD?type=fixing&index=ibor&name=CORRA&tenor=1M
CAD-CORRA-3M	oresmd://ir/CAD?type=fixing&index=ibor&name=CORRA&tenor=3M
CHF-CMS-10Y	oresmd://ir/CHF?type=fixing&index=swap&tenor=10Y
CHF-CMS-1Y	oresmd://ir/CHF?type=fixing&index=swap&tenor=1Y
CHF-CMS-2Y	oresmd://ir/CHF?type=fixing&index=swap&tenor=2Y
CHF-CMS-30Y	oresmd://ir/CHF?type=fixing&index=swap&tenor=30Y
CHF-CMS-3Y	oresmd://ir/CHF?type=fixing&index=swap&tenor=3Y
CHF-CMS-4Y	oresmd://ir/CHF?type=fixing&index=swap&tenor=4Y
CHF-CMS-5Y	oresmd://ir/CHF?type=fixing&index=swap&tenor=5Y
CHF-CMS-6Y	oresmd://ir/CHF?type=fixing&index=swap&tenor=6Y
CHF-CMS-7Y	oresmd://ir/CHF?type=fixing&index=swap&tenor=7Y
CHF-CMS-8Y	oresmd://ir/CHF?type=fixing&index=swap&tenor=8Y
CHF-CMS-9Y	oresmd://ir/CHF?type=fixing&index=swap&tenor=9Y
CHF-CMS-SARON-1Y	oresmd://ir/CHF?type=fixing&index=swap&tag=SARON&tenor=1Y
CHF-CMS-SARON-30Y	oresmd://ir/CHF?type=fixing&index=swap&tag=SARON&tenor=30Y
CHF-LIBOR	oresmd://ir/CHF?type=fixing&index=ibor&name=LIBOR
CHF-LIBOR-12M	oresmd://ir/CHF?type=fixing&index=ibor&name=LIBOR&tenor=12M
CHF-LIBOR-1M	oresmd://ir/CHF?type=fixing&index=ibor&name=LIBOR&tenor=1M
CHF-LIBOR-3M	oresmd://ir/CHF?type=fixing&index=ibor&name=LIBOR&tenor=3M
CHF-LIBOR-6M	oresmd://ir/CHF?type=fixing&index=ibor&name=LIBOR&tenor=6M
CHF-SARON	oresmd://ir/CHF?type=fixing&index=ibor&name=SARON
CHF-TOIS	oresmd://ir/CHF?type=fixing&index=ibor&name=TOIS
CLCPI	oresmd://inflation/CLCPI?type=fixing&index=inflation
CLF-GENERIC	oresmd://ir/CLF?type=fixing&index=ibor&name=GENERIC
CLF-GENERIC-3M	oresmd://ir/CLF?type=fixing&index=ibor&name=GENERIC&tenor=3M
CLP-CAMARA	oresmd://ir/CLP?type=fixing&index=ibor&name=CAMARA
CLP-CMS-1Y	oresmd://ir/CLP?type=fixing&index=swap&tenor=1Y
CLP-CMS-30Y	oresmd://ir/CLP?type=fixing&index=swap&tenor=30Y
CLP-GENERIC	oresmd://ir/CLP?type=fixing&index=ibor&name=GENERIC
CLP-GENERIC-3M	oresmd://ir/CLP?type=fixing&index=ibor&name=GENERIC&tenor=3M
CNH-CMS-1Y	oresmd://ir/CNH?type=fixing&index=swap&tenor=1Y
CNH-CMS-30Y	oresmd://ir/CNH?type=fixing&index=swap&tenor=30Y
CNH-GENERIC-3M	oresmd://ir/CNH?type=fixing&index=ibor&name=GENERIC&tenor=3M
CNH-HIBOR	oresmd://ir/CNH?type=fixing&index=ibor&name=HIBOR
CNH-HIBOR-3M	oresmd://ir/CNH?type=fixing&index=ibor&name=HIBOR&tenor=3M
CNY-CMS-1Y	oresmd://ir/CNY?type=fixing&index=swap&tenor=1Y
CNY-CMS-30Y	oresmd://ir/CNY?type=fixing&index=swap&tenor=30Y
CNY-DEPO	oresmd://ir/CNY?type=fixing&index=ibor&name=DEPO
CNY-DEPO-1Y	oresmd://ir/CNY?type=fixing&index=ibor&name=DEPO&tenor=1Y
CNY-GENERIC	oresmd://ir/CNY?type=fixing&index=ibor&name=GENERIC
CNY-GENERIC-3M	oresmd://ir/CNY?type=fixing&index=ibor&name=GENERIC&tenor=3M
CNY-REPOFIX	oresmd://ir/CNY?type=fixing&index=ibor&name=REPOFIX
CNY-REPOFIX-7D	oresmd://ir/CNY?type=fixing&index=ibor&name=REPOFIX&tenor=7D
CNY-SHIBOR	oresmd://ir/CNY?type=fixing&index=ibor&name=SHIBOR
CNY-SHIBOR-3M	oresmd://ir/CNY?type=fixing&index=ibor&name=SHIBOR&tenor=3M
COP-CMS-1Y	oresmd://ir/COP?type=fixing&index=swap&tenor=1Y
COP-CMS-30Y	oresmd://ir/COP?type=fixing&index=swap&tenor=30Y
COP-GENERIC	oresmd://ir/COP?type=fixing&index=ibor&name=GENERIC
COP-GENERIC-3M	oresmd://ir/COP?type=fixing&index=ibor&name=GENERIC&tenor=3M
COP-IBR	oresmd://ir/COP?type=fixing&index=ibor&name=IBR
COP-IBR-3M	oresmd://ir/COP?type=fixing&index=ibor&name=IBR&tenor=3M
CRC-GENERIC	oresmd://ir/CRC?type=fixing&index=ibor&name=GENERIC
CRC-GENERIC-3M	oresmd://ir/CRC?type=fixing&index=ibor&name=GENERIC&tenor=3M
CZK-CMS-1Y	oresmd://ir/CZK?type=fixing&index=swap&tenor=1Y
CZK-CMS-30Y	oresmd://ir/CZK?type=fixing&index=swap&tenor=30Y
CZK-CZEONIA	oresmd://ir/CZK?type=fixing&index=ibor&name=CZEONIA
CZK-PRIBOR	oresmd://ir/CZK?type=fixing&index=ibor&name=PRIBOR
CZK-PRIBOR-1M	oresmd://ir/CZK?type=fixing&index=ibor&name=PRIBOR&tenor=1M
CZK-PRIBOR-3M	oresmd://ir/CZK?type=fixing&index=ibor&name=PRIBOR&tenor=3M
CZK-PRIBOR-6M	oresmd://ir/CZK?type=fixing&index=ibor&name=PRIBOR&tenor=6M
DECPI	oresmd://inflation/DECPI?type=fixing&index=inflation
DKCPI	oresmd://inflation/DKCPI?type=fixing&index=inflation
DKK-CIBOR	oresmd://ir/DKK?type=fixing&index=ibor&name=CIBOR
DKK-CIBOR-1M	oresmd://ir/DKK?type=fixing&index=ibor&name=CIBOR&tenor=1M
DKK-CIBOR-1W	oresmd://ir/DKK?type=fixing&index=ibor&name=CIBOR&tenor=1W
DKK-CIBOR-3M	oresmd://ir/DKK?type=fixing&index=ibor&name=CIBOR&tenor=3M
DKK-CIBOR-6M	oresmd://ir/DKK?type=fixing&index=ibor&name=CIBOR&tenor=6M
DKK-CMS-1Y	oresmd://ir/DKK?type=fixing&index=swap&tenor=1Y
DKK-CMS-30Y	oresmd://ir/DKK?type=fixing&index=swap&tenor=30Y
DKK-DESTR	oresmd://ir/DKK?type=fixing&index=ibor&name=DESTR
DKK-DKKOIS	oresmd://ir/DKK?type=fixing&index=ibor&name=DKKOIS
DOP-GENERIC	oresmd://ir/DOP?type=fixing&index=ibor&name=GENERIC
DOP-GENERIC-3M	oresmd://ir/DOP?type=fixing&index=ibor&name=GENERIC&tenor=3M
DZD-GENERIC	oresmd://ir/DZD?type=fixing&index=ibor&name=GENERIC
DZD-GENERIC-3M	oresmd://ir/DZD?type=fixing&index=ibor&name=GENERIC&tenor=3M
EGP-CMS-1Y	oresmd://ir/EGP?type=fixing&index=swap&tenor=1Y
EGP-CMS-30Y	oresmd://ir/EGP?type=fixing&index=swap&tenor=30Y
EGP-GENERIC	oresmd://ir/EGP?type=fixing&index=ibor&name=GENERIC
EGP-GENERIC-3M	oresmd://ir/EGP?type=fixing&index=ibor&name=GENERIC&tenor=3M
ESCPI	oresmd://inflation/ESCPI?type=fixing&index=inflation
ESHICP	oresmd://inflation/ESHICP?type=fixing&index=inflation
ETB-GENERIC	oresmd://ir/ETB?type=fixing&index=ibor&name=GENERIC
ETB-GENERIC-3M	oresmd://ir/ETB?type=fixing&index=ibor&name=GENERIC&tenor=3M
EUHICP	oresmd://inflation/EUHICP?type=fixing&index=inflation
EUHICPXT	oresmd://inflation/EUHICPXT?type=fixing&index=inflation
EUR-CMS-10Y	oresmd://ir/EUR?type=fixing&index=swap&tenor=10Y
EUR-CMS-12Y	oresmd://ir/EUR?type=fixing&index=swap&tenor=12Y
EUR-CMS-15Y	oresmd://ir/EUR?type=fixing&index=swap&tenor=15Y
EUR-CMS-1Y	oresmd://ir/EUR?type=fixing&index=swap&tenor=1Y
EUR-CMS-20Y	oresmd://ir/EUR?type=fixing&index=swap&tenor=20Y
EUR-CMS-25Y	oresmd://ir/EUR?type=fixing&index=swap&tenor=25Y
EUR-CMS-2Y	oresmd://ir/EUR?type=fixing&index=swap&tenor=2Y
EUR-CMS-30Y	oresmd://ir/EUR?type=fixing&index=swap&tenor=30Y
EUR-CMS-3Y	oresmd://ir/EUR?type=fixing&index=swap&tenor=3Y
EUR-CMS-4Y	oresmd://ir/EUR?type=fixing&index=swap&tenor=4Y
EUR-CMS-5Y	oresmd://ir/EUR?type=fixing&index=swap&tenor=5Y
EUR-CMS-6Y	oresmd://ir/EUR?type=fixing&index=swap&tenor=6Y
EUR-CMS-7Y	oresmd://ir/EUR?type=fixing&index=swap&tenor=7Y
EUR-CMS-8Y	oresmd://ir/EUR?type=fixing&index=swap&tenor=8Y
EUR-CMS-9Y	oresmd://ir/EUR?type=fixing&index=swap&tenor=9Y
EUR-CMS-ESTER-1Y	oresmd://ir/EUR?type=fixing&index=swap&tag=ESTER&tenor=1Y
EUR-CMS-ESTER-30Y	oresmd://ir/EUR?type=fixing&index=swap&tag=ESTER&tenor=30Y
EUR-EONIA	oresmd://ir/EUR?type=fixing&index=ibor&name=EONIA
EUR-ESTER	oresmd://ir/EUR?type=fixing&index=ibor&name=ESTER
EUR-EURIBOR	oresmd://ir/EUR?type=fixing&index=ibor&name=EURIBOR
EUR-EURIBOR-12M	oresmd://ir/EUR?type=fixing&index=ibor&name=EURIBOR&tenor=12M
EUR-EURIBOR-1M	oresmd://ir/EUR?type=fixing&index=ibor&name=EURIBOR&tenor=1M
EUR-EURIBOR-1W	oresmd://ir/EUR?type=fixing&index=ibor&name=EURIBOR&tenor=1W
EUR-EURIBOR-3M	oresmd://ir/EUR?type=fixing&index=ibor&name=EURIBOR&tenor=3M
EUR-EURIBOR-6M	oresmd://ir/EUR?type=fixing&index=ibor&name=EURIBOR&tenor=6M
EUR-LIBOR	oresmd://ir/EUR?type=fixing&index=ibor&name=LIBOR
EUR-LIBOR-12M	oresmd://ir/EUR?type=fixing&index=ibor&name=LIBOR&tenor=12M
EUR-LIBOR-1M	oresmd://ir/EUR?type=fixing&index=ibor&name=LIBOR&tenor=1M
EUR-LIBOR-3M	oresmd://ir/EUR?type=fixing&index=ibor&name=LIBOR&tenor=3M
EUR-LIBOR-6M	oresmd://ir/EUR?type=fixing&index=ibor&name=LIBOR&tenor=6M
FJD-GENERIC	oresmd://ir/FJD?type=fixing&index=ibor&name=GENERIC
FJD-GENERIC-3M	oresmd://ir/FJD?type=fixing&index=ibor&name=GENERIC&tenor=3M
FRCPI	oresmd://inflation/FRCPI?type=fixing&index=inflation
FRHICP	oresmd://inflation/FRHICP?type=fixing&index=inflation
GBP-BoEBASE	oresmd://ir/GBP?type=fixing&index=ibor&name=BoEBASE
GBP-CMS-10Y	oresmd://ir/GBP?type=fixing&index=swap&tenor=10Y
GBP-CMS-12Y	oresmd://ir/GBP?type=fixing&index=swap&tenor=12Y
GBP-CMS-15Y	oresmd://ir/GBP?type=fixing&index=swap&tenor=15Y
GBP-CMS-1Y	oresmd://ir/GBP?type=fixing&index=swap&tenor=1Y
GBP-CMS-20Y	oresmd://ir/GBP?type=fixing&index=swap&tenor=20Y
GBP-CMS-25Y	oresmd://ir/GBP?type=fixing&index=swap&tenor=25Y
GBP-CMS-2Y	oresmd://ir/GBP?type=fixing&index=swap&tenor=2Y
GBP-CMS-30Y	oresmd://ir/GBP?type=fixing&index=swap&tenor=30Y
GBP-CMS-3Y	oresmd://ir/GBP?type=fixing&index=swap&tenor=3Y
GBP-CMS-4Y	oresmd://ir/GBP?type=fixing&index=swap&tenor=4Y
GBP-CMS-5Y	oresmd://ir/GBP?type=fixing&index=swap&tenor=5Y
GBP-CMS-6Y	oresmd://ir/GBP?type=fixing&index=swap&tenor=6Y
GBP-CMS-7Y	oresmd://ir/GBP?type=fixing&index=swap&tenor=7Y
GBP-CMS-8Y	oresmd://ir/GBP?type=fixing&index=swap&tenor=8Y
GBP-CMS-9Y	oresmd://ir/GBP?type=fixing&index=swap&tenor=9Y
GBP-CMS-SONIA-10Y	oresmd://ir/GBP?type=fixing&index=swap&tag=SONIA&tenor=10Y
GBP-CMS-SONIA-12Y	oresmd://ir/GBP?type=fixing&index=swap&tag=SONIA&tenor=12Y
GBP-CMS-SONIA-15Y	oresmd://ir/GBP?type=fixing&index=swap&tag=SONIA&tenor=15Y
GBP-CMS-SONIA-1Y	oresmd://ir/GBP?type=fixing&index=swap&tag=SONIA&tenor=1Y
GBP-CMS-SONIA-20Y	oresmd://ir/GBP?type=fixing&index=swap&tag=SONIA&tenor=20Y
GBP-CMS-SONIA-25Y	oresmd://ir/GBP?type=fixing&index=swap&tag=SONIA&tenor=25Y
GBP-CMS-SONIA-2Y	oresmd://ir/GBP?type=fixing&index=swap&tag=SONIA&tenor=2Y
GBP-CMS-SONIA-30Y	oresmd://ir/GBP?type=fixing&index=swap&tag=SONIA&tenor=30Y
GBP-CMS-SONIA-3Y	oresmd://ir/GBP?type=fixing&index=swap&tag=SONIA&tenor=3Y
GBP-CMS-SONIA-4Y	oresmd://ir/GBP?type=fixing&index=swap&tag=SONIA&tenor=4Y
GBP-CMS-SONIA-5Y	oresmd://ir/GBP?type=fixing&index=swap&tag=SONIA&tenor=5Y
GBP-CMS-SONIA-6Y	oresmd://ir/GBP?type=fixing&index=swap&tag=SONIA&tenor=6Y
GBP-CMS-SONIA-7Y	oresmd://ir/GBP?type=fixing&index=swap&tag=SONIA&tenor=7Y
GBP-CMS-SONIA-8Y	oresmd://ir/GBP?type=fixing&index=swap&tag=SONIA&tenor=8Y
GBP-CMS-SONIA-9Y	oresmd://ir/GBP?type=fixing&index=swap&tag=SONIA&tenor=9Y
GBP-LIBOR	oresmd://ir/GBP?type=fixing&index=ibor&name=LIBOR
GBP-LIBOR-12M	oresmd://ir/GBP?type=fixing&index=ibor&name=LIBOR&tenor=12M
GBP-LIBOR-1M	oresmd://ir/GBP?type=fixing&index=ibor&name=LIBOR&tenor=1M
GBP-LIBOR-1W	oresmd://ir/GBP?type=fixing&index=ibor&name=LIBOR&tenor=1W
GBP-LIBOR-3M	oresmd://ir/GBP?type=fixing&index=ibor&name=LIBOR&tenor=3M
GBP-LIBOR-6M	oresmd://ir/GBP?type=fixing&index=ibor&name=LIBOR&tenor=6M
GBP-SONIA	oresmd://ir/GBP?type=fixing&index=ibor&name=SONIA
GBP-SONIA-12M	oresmd://ir/GBP?type=fixing&index=ibor&name=SONIA&tenor=12M
GBP-SONIA-1M	oresmd://ir/GBP?type=fixing&index=ibor&name=SONIA&tenor=1M
GBP-SONIA-3M	oresmd://ir/GBP?type=fixing&index=ibor&name=SONIA&tenor=3M
GBP-SONIA-6M	oresmd://ir/GBP?type=fixing&index=ibor&name=SONIA&tenor=6M
GEL-GENERIC	oresmd://ir/GEL?type=fixing&index=ibor&name=GENERIC
GEL-GENERIC-3M	oresmd://ir/GEL?type=fixing&index=ibor&name=GENERIC&tenor=3M
GHS-CMS-1Y	oresmd://ir/GHS?type=fixing&index=swap&tenor=1Y
GHS-CMS-30Y	oresmd://ir/GHS?type=fixing&index=swap&tenor=30Y
GHS-GENERIC	oresmd://ir/GHS?type=fixing&index=ibor&name=GENERIC
GHS-GENERIC-3M	oresmd://ir/GHS?type=fixing&index=ibor&name=GENERIC&tenor=3M
HKD-CMS-1Y	oresmd://ir/HKD?type=fixing&index=swap&tenor=1Y
HKD-CMS-30Y	oresmd://ir/HKD?type=fixing&index=swap&tenor=30Y
HKD-HIBOR	oresmd://ir/HKD?type=fixing&index=ibor&name=HIBOR
HKD-HIBOR-1M	oresmd://ir/HKD?type=fixing&index=ibor&name=HIBOR&tenor=1M
HKD-HIBOR-2W	oresmd://ir/HKD?type=fixing&index=ibor&name=HIBOR&tenor=2W
HKD-HIBOR-3M	oresmd://ir/HKD?type=fixing&index=ibor&name=HIBOR&tenor=3M
HKD-HIBOROIS	oresmd://ir/HKD?type=fixing&index=ibor&name=HIBOROIS
HKD-HONIA	oresmd://ir/HKD?type=fixing&index=ibor&name=HONIA
HRK-CMS-1Y	oresmd://ir/HRK?type=fixing&index=swap&tenor=1Y
HRK-CMS-30Y	oresmd://ir/HRK?type=fixing&index=swap&tenor=30Y
HRK-GENERIC	oresmd://ir/HRK?type=fixing&index=ibor&name=GENERIC
HRK-GENERIC-3M	oresmd://ir/HRK?type=fixing&index=ibor&name=GENERIC&tenor=3M
HUF-BUBOR	oresmd://ir/HUF?type=fixing&index=ibor&name=BUBOR
HUF-BUBOR-3M	oresmd://ir/HUF?type=fixing&index=ibor&name=BUBOR&tenor=3M
HUF-BUBOR-6M	oresmd://ir/HUF?type=fixing&index=ibor&name=BUBOR&tenor=6M
HUF-BUBORON	oresmd://ir/HUF?type=fixing&index=ibor&name=BUBORON
HUF-CMS-1Y	oresmd://ir/HUF?type=fixing&index=swap&tenor=1Y
HUF-CMS-30Y	oresmd://ir/HUF?type=fixing&index=swap&tenor=30Y
ICE:ADP	oresmd://inflation/ICE:ADP?type=fixing&index=inflation
ICE:APO	oresmd://inflation/ICE:APO?type=fixing&index=inflation
ICE:CPC	oresmd://inflation/ICE:CPC?type=fixing&index=inflation
ICE:DDP	oresmd://inflation/ICE:DDP?type=fixing&index=inflation
ICE:DPN	oresmd://inflation/ICE:DPN?type=fixing&index=inflation
ICE:EDH	oresmd://inflation/ICE:EDH?type=fixing&index=inflation
ICE:EDP	oresmd://inflation/ICE:EDP?type=fixing&index=inflation
ICE:EHD	oresmd://inflation/ICE:EHD?type=fixing&index=inflation
ICE:END	oresmd://inflation/ICE:END?type=fixing&index=inflation
ICE:EWD	oresmd://inflation/ICE:EWD?type=fixing&index=inflation
ICE:HEA	oresmd://inflation/ICE:HEA?type=fixing&index=inflation
ICE:HZA	oresmd://inflation/ICE:HZA?type=fixing&index=inflation
ICE:HZC	oresmd://inflation/ICE:HZC?type=fixing&index=inflation
ICE:IDP	oresmd://inflation/ICE:IDP?type=fixing&index=inflation
ICE:JCA	oresmd://inflation/ICE:JCA?type=fixing&index=inflation
ICE:JDP	oresmd://inflation/ICE:JDP?type=fixing&index=inflation
ICE:MLQ	oresmd://inflation/ICE:MLQ?type=fixing&index=inflation
ICE:MRD	oresmd://inflation/ICE:MRD?type=fixing&index=inflation
ICE:NOJ	oresmd://inflation/ICE:NOJ?type=fixing&index=inflation
ICE:NZA	oresmd://inflation/ICE:NZA?type=fixing&index=inflation
ICE:OEH	oresmd://inflation/ICE:OEH?type=fixing&index=inflation
ICE:PDA	oresmd://inflation/ICE:PDA?type=fixing&index=inflation
ICE:PDQ	oresmd://inflation/ICE:PDQ?type=fixing&index=inflation
ICE:PFT	oresmd://inflation/ICE:PFT?type=fixing&index=inflation
ICE:PME	oresmd://inflation/ICE:PME?type=fixing&index=inflation
ICE:PMN	oresmd://inflation/ICE:PMN?type=fixing&index=inflation
ICE:PMV	oresmd://inflation/ICE:PMV?type=fixing&index=inflation
ICE:PPE	oresmd://inflation/ICE:PPE?type=fixing&index=inflation
ICE:PSC	oresmd://inflation/ICE:PSC?type=fixing&index=inflation
ICE:SDP	oresmd://inflation/ICE:SDP?type=fixing&index=inflation
ICE:SZA	oresmd://inflation/ICE:SZA?type=fixing&index=inflation
ICE:WZA	oresmd://inflation/ICE:WZA?type=fixing&index=inflation
IDR-CMS-1Y	oresmd://ir/IDR?type=fixing&index=swap&tenor=1Y
IDR-CMS-30Y	oresmd://ir/IDR?type=fixing&index=swap&tenor=30Y
IDR-GENERIC	oresmd://ir/IDR?type=fixing&index=ibor&name=GENERIC
IDR-GENERIC-3M	oresmd://ir/IDR?type=fixing&index=ibor&name=GENERIC&tenor=3M
IDR-JIBOR	oresmd://ir/IDR?type=fixing&index=ibor&name=JIBOR
IDR-JIBOR-3M	oresmd://ir/IDR?type=fixing&index=ibor&name=JIBOR&tenor=3M
ILS-CMS-1Y	oresmd://ir/ILS?type=fixing&index=swap&tenor=1Y
ILS-CMS-30Y	oresmd://ir/ILS?type=fixing&index=swap&tenor=30Y
ILS-TELBOR	oresmd://ir/ILS?type=fixing&index=ibor&name=TELBOR
ILS-TELBOR-1M	oresmd://ir/ILS?type=fixing&index=ibor&name=TELBOR&tenor=1M
ILS-TELBOR-3M	oresmd://ir/ILS?type=fixing&index=ibor&name=TELBOR&tenor=3M
ILS-TELBORON	oresmd://ir/ILS?type=fixing&index=ibor&name=TELBORON
INR-CMS-1Y	oresmd://ir/INR?type=fixing&index=swap&tenor=1Y
INR-CMS-30Y	oresmd://ir/INR?type=fixing&index=swap&tenor=30Y
INR-GENERIC	oresmd://ir/INR?type=fixing&index=ibor&name=GENERIC
INR-GENERIC-3M	oresmd://ir/INR?type=fixing&index=ibor&name=GENERIC&tenor=3M
INR-MIBOROIS	oresmd://ir/INR?type=fixing&index=ibor&name=MIBOROIS
INR-MIFOR	oresmd://ir/INR?type=fixing&index=ibor&name=MIFOR
INR-MIFOR-3M	oresmd://ir/INR?type=fixing&index=ibor&name=MIFOR&tenor=3M
INR-MIFOR-6M	oresmd://ir/INR?type=fixing&index=ibor&name=MIFOR&tenor=6M
ISK-GENERIC	oresmd://ir/ISK?type=fixing&index=ibor&name=GENERIC
ISK-GENERIC-3M	oresmd://ir/ISK?type=fixing&index=ibor&name=GENERIC&tenor=3M
ITCPI	oresmd://inflation/ITCPI?type=fixing&index=inflation
JMD-GENERIC	oresmd://ir/JMD?type=fixing&index=ibor&name=GENERIC
JMD-GENERIC-3M	oresmd://ir/JMD?type=fixing&index=ibor&name=GENERIC&tenor=3M
JOD-CMS-1Y	oresmd://ir/JOD?type=fixing&index=swap&tenor=1Y
JOD-CMS-30Y	oresmd://ir/JOD?type=fixing&index=swap&tenor=30Y
JOD-GENERIC	oresmd://ir/JOD?type=fixing&index=ibor&name=GENERIC
JOD-GENERIC-3M	oresmd://ir/JOD?type=fixing&index=ibor&name=GENERIC&tenor=3M
JPY-CMS-10Y	oresmd://ir/JPY?type=fixing&index=swap&tenor=10Y
JPY-CMS-1Y	oresmd://ir/JPY?type=fixing&index=swap&tenor=1Y
JPY-CMS-30Y	oresmd://ir/JPY?type=fixing&index=swap&tenor=30Y
JPY-CMS-5Y	oresmd://ir/JPY?type=fixing&index=swap&tenor=5Y
JPY-CMS-TONAR-10Y	oresmd://ir/JPY?type=fixing&index=swap&tag=TONAR&tenor=10Y
JPY-CMS-TONAR-1Y	oresmd://ir/JPY?type=fixing&index=swap&tag=TONAR&tenor=1Y
JPY-CMS-TONAR-30Y	oresmd://ir/JPY?type=fixing&index=swap&tag=TONAR&tenor=30Y
JPY-CMS-TONAR-5Y	oresmd://ir/JPY?type=fixing&index=swap&tag=TONAR&tenor=5Y
JPY-EYTIBOR	oresmd://ir/JPY?type=fixing&index=ibor&name=EYTIBOR
JPY-EYTIBOR-3M	oresmd://ir/JPY?type=fixing&index=ibor&name=EYTIBOR&tenor=3M
JPY-EYTIBOR-6M	oresmd://ir/JPY?type=fixing&index=ibor&name=EYTIBOR&tenor=6M
JPY-LIBOR	oresmd://ir/JPY?type=fixing&index=ibor&name=LIBOR
JPY-LIBOR-12M	oresmd://ir/JPY?type=fixing&index=ibor&name=LIBOR&tenor=12M
JPY-LIBOR-1M	oresmd://ir/JPY?type=fixing&index=ibor&name=LIBOR&tenor=1M
JPY-LIBOR-3M	oresmd://ir/JPY?type=fixing&index=ibor&name=LIBOR&tenor=3M
JPY-LIBOR-6M	oresmd://ir/JPY?type=fixing&index=ibor&name=LIBOR&tenor=6M
JPY-TIBOR	oresmd://ir/JPY?type=fixing&index=ibor&name=TIBOR
JPY-TIBOR-3M	oresmd://ir/JPY?type=fixing&index=ibor&name=TIBOR&tenor=3M
JPY-TIBOR-6M	oresmd://ir/JPY?type=fixing&index=ibor&name=TIBOR&tenor=6M
JPY-TONAR	oresmd://ir/JPY?type=fixing&index=ibor&name=TONAR
JPY-TONAR-3M	oresmd://ir/JPY?type=fixing&index=ibor&name=TONAR&tenor=3M
KES-CMS-1Y	oresmd://ir/KES?type=fixing&index=swap&tenor=1Y
KES-CMS-30Y	oresmd://ir/KES?type=fixing&index=swap&tenor=30Y
KES-GENERIC	oresmd://ir/KES?type=fixing&index=ibor&name=GENERIC
KES-GENERIC-3M	oresmd://ir/KES?type=fixing&index=ibor&name=GENERIC&tenor=3M
KGS-GENERIC	oresmd://ir/KGS?type=fixing&index=ibor&name=GENERIC
KGS-GENERIC-3M	oresmd://ir/KGS?type=fixing&index=ibor&name=GENERIC&tenor=3M
KRW-CD	oresmd://ir/KRW?type=fixing&index=ibor&name=CD
KRW-CD-91D	oresmd://ir/KRW?type=fixing&index=ibor&name=CD&tenor=91D
KRW-CMS-1Y	oresmd://ir/KRW?type=fixing&index=swap&tenor=1Y
KRW-CMS-30Y	oresmd://ir/KRW?type=fixing&index=swap&tenor=30Y
KRW-GENERIC	oresmd://ir/KRW?type=fixing&index=ibor&name=GENERIC
KRW-GENERIC-3M	oresmd://ir/KRW?type=fixing&index=ibor&name=GENERIC&tenor=3M
KRW-KORIBOR-3M	oresmd://ir/KRW?type=fixing&index=ibor&name=KORIBOR&tenor=3M
KWD-CMS-1Y	oresmd://ir/KWD?type=fixing&index=swap&tenor=1Y
KWD-CMS-30Y	oresmd://ir/KWD?type=fixing&index=swap&tenor=30Y
KWD-GENERIC	oresmd://ir/KWD?type=fixing&index=ibor&name=GENERIC
KWD-GENERIC-3M	oresmd://ir/KWD?type=fixing&index=ibor&name=GENERIC&tenor=3M
KZT-CMS-1Y	oresmd://ir/KZT?type=fixing&index=swap&tenor=1Y
KZT-CMS-30Y	oresmd://ir/KZT?type=fixing&index=swap&tenor=30Y
KZT-GENERIC	oresmd://ir/KZT?type=fixing&index=ibor&name=GENERIC
KZT-GENERIC-3M	oresmd://ir/KZT?type=fixing&index=ibor&name=GENERIC&tenor=3M
LKR-CMS-1Y	oresmd://ir/LKR?type=fixing&index=swap&tenor=1Y
LKR-CMS-30Y	oresmd://ir/LKR?type=fixing&index=swap&tenor=30Y
LKR-GENERIC	oresmd://ir/LKR?type=fixing&index=ibor&name=GENERIC
LKR-GENERIC-3M	oresmd://ir/LKR?type=fixing&index=ibor&name=GENERIC&tenor=3M
MAD-CMS-1Y	oresmd://ir/MAD?type=fixing&index=swap&tenor=1Y
MAD-CMS-30Y	oresmd://ir/MAD?type=fixing&index=swap&tenor=30Y
MAD-GENERIC	oresmd://ir/MAD?type=fixing&index=ibor&name=GENERIC
MAD-GENERIC-3M	oresmd://ir/MAD?type=fixing&index=ibor&name=GENERIC&tenor=3M
MNT-GENERIC	oresmd://ir/MNT?type=fixing&index=ibor&name=GENERIC
MNT-GENERIC-3M	oresmd://ir/MNT?type=fixing&index=ibor&name=GENERIC&tenor=3M
MUR-CMS-1Y	oresmd://ir/MUR?type=fixing&index=swap&tenor=1Y
MUR-CMS-30Y	oresmd://ir/MUR?type=fixing&index=swap&tenor=30Y
MUR-GENERIC	oresmd://ir/MUR?type=fixing&index=ibor&name=GENERIC
MUR-GENERIC-3M	oresmd://ir/MUR?type=fixing&index=ibor&name=GENERIC&tenor=3M
MWK-GENERIC	oresmd://ir/MWK?type=fixing&index=ibor&name=GENERIC
MWK-GENERIC-3M	oresmd://ir/MWK?type=fixing&index=ibor&name=GENERIC&tenor=3M
MXN-CMS-1Y	oresmd://ir/MXN?type=fixing&index=swap&tenor=1Y
MXN-CMS-30Y	oresmd://ir/MXN?type=fixing&index=swap&tenor=30Y
MXN-FTIIE	oresmd://ir/MXN?type=fixing&index=ibor&name=FTIIE
MXN-TIIE	oresmd://ir/MXN?type=fixing&index=ibor&name=TIIE
MXN-TIIE-182D	oresmd://ir/MXN?type=fixing&index=ibor&name=TIIE&tenor=182D
MXN-TIIE-1D	oresmd://ir/MXN?type=fixing&index=ibor&name=TIIE&tenor=1D
MXN-TIIE-28D	oresmd://ir/MXN?type=fixing&index=ibor&name=TIIE&tenor=28D
MXN-TIIE-3M	oresmd://ir/MXN?type=fixing&index=ibor&name=TIIE&tenor=3M
MXV-GENERIC	oresmd://ir/MXV?type=fixing&index=ibor&name=GENERIC
MXV-GENERIC-3M	oresmd://ir/MXV?type=fixing&index=ibor&name=GENERIC&tenor=3M
MYR-CMS-1Y	oresmd://ir/MYR?type=fixing&index=swap&tenor=1Y
MYR-CMS-30Y	oresmd://ir/MYR?type=fixing&index=swap&tenor=30Y
MYR-GENERIC	oresmd://ir/MYR?type=fixing&index=ibor&name=GENERIC
MYR-GENERIC-3M	oresmd://ir/MYR?type=fixing&index=ibor&name=GENERIC&tenor=3M
MYR-KLIBOR	oresmd://ir/MYR?type=fixing&index=ibor&name=KLIBOR
MYR-KLIBOR-3M	oresmd://ir/MYR?type=fixing&index=ibor&name=KLIBOR&tenor=3M
MZN-GENERIC	oresmd://ir/MZN?type=fixing&index=ibor&name=GENERIC
MZN-GENERIC-3M	oresmd://ir/MZN?type=fixing&index=ibor&name=GENERIC&tenor=3M
NGN-CMS-1Y	oresmd://ir/NGN?type=fixing&index=swap&tenor=1Y
NGN-CMS-30Y	oresmd://ir/NGN?type=fixing&index=swap&tenor=30Y
NGN-GENERIC	oresmd://ir/NGN?type=fixing&index=ibor&name=GENERIC
NGN-GENERIC-3M	oresmd://ir/NGN?type=fixing&index=ibor&name=GENERIC&tenor=3M
NGN-NIBOR-1M	oresmd://ir/NGN?type=fixing&index=ibor&name=NIBOR&tenor=1M
NGN-NIBOR-3M	oresmd://ir/NGN?type=fixing&index=ibor&name=NIBOR&tenor=3M
NOK-CMS-1Y	oresmd://ir/NOK?type=fixing&index=swap&tenor=1Y
NOK-CMS-30Y	oresmd://ir/NOK?type=fixing&index=swap&tenor=30Y
NOK-NIBOR	oresmd://ir/NOK?type=fixing&index=ibor&name=NIBOR
NOK-NIBOR-1M	oresmd://ir/NOK?type=fixing&index=ibor&name=NIBOR&tenor=1M
NOK-NIBOR-3M	oresmd://ir/NOK?type=fixing&index=ibor&name=NIBOR&tenor=3M
NOK-NIBOR-6M	oresmd://ir/NOK?type=fixing&index=ibor&name=NIBOR&tenor=6M
NOK-NOWA	oresmd://ir/NOK?type=fixing&index=ibor&name=NOWA
NZD-BKBM	oresmd://ir/NZD?type=fixing&index=ibor&name=BKBM
NZD-BKBM-1M	oresmd://ir/NZD?type=fixing&index=ibor&name=BKBM&tenor=1M
NZD-BKBM-3M	oresmd://ir/NZD?type=fixing&index=ibor&name=BKBM&tenor=3M
NZD-BKBM-6M	oresmd://ir/NZD?type=fixing&index=ibor&name=BKBM&tenor=6M
NZD-CMS-1Y	oresmd://ir/NZD?type=fixing&index=swap&tenor=1Y
NZD-CMS-30Y	oresmd://ir/NZD?type=fixing&index=swap&tenor=30Y
NZD-OCR	oresmd://ir/NZD?type=fixing&index=ibor&name=OCR
OMR-CMS-1Y	oresmd://ir/OMR?type=fixing&index=swap&tenor=1Y
OMR-CMS-30Y	oresmd://ir/OMR?type=fixing&index=swap&tenor=30Y
OMR-GENERIC	oresmd://ir/OMR?type=fixing&index=ibor&name=GENERIC
OMR-GENERIC-3M	oresmd://ir/OMR?type=fixing&index=ibor&name=GENERIC&tenor=3M
PEN-CMS-1Y	oresmd://ir/PEN?type=fixing&index=swap&tenor=1Y
PEN-CMS-30Y	oresmd://ir/PEN?type=fixing&index=swap&tenor=30Y
PEN-GENERIC	oresmd://ir/PEN?type=fixing&index=ibor&name=GENERIC
PEN-GENERIC-3M	oresmd://ir/PEN?type=fixing&index=ibor&name=GENERIC&tenor=3M
PHP-CMS-1Y	oresmd://ir/PHP?type=fixing&index=swap&tenor=1Y
PHP-CMS-30Y	oresmd://ir/PHP?type=fixing&index=swap&tenor=30Y
PHP-GENERIC	oresmd://ir/PHP?type=fixing&index=ibor&name=GENERIC
PHP-GENERIC-3M	oresmd://ir/PHP?type=fixing&index=ibor&name=GENERIC&tenor=3M
PHP-PHIREF	oresmd://ir/PHP?type=fixing&index=ibor&name=PHIREF
PHP-PHIREF-3M	oresmd://ir/PHP?type=fixing&index=ibor&name=PHIREF&tenor=3M
PKR-CMS-1Y	oresmd://ir/PKR?type=fixing&index=swap&tenor=1Y
PKR-CMS-30Y	oresmd://ir/PKR?type=fixing&index=swap&tenor=30Y
PKR-GENERIC	oresmd://ir/PKR?type=fixing&index=ibor&name=GENERIC
PKR-GENERIC-3M	oresmd://ir/PKR?type=fixing&index=ibor&name=GENERIC&tenor=3M
PKR-KIBOR-6M	oresmd://ir/PKR?type=fixing&index=ibor&name=KIBOR&tenor=6M
PLN-CMS-1Y	oresmd://ir/PLN?type=fixing&index=swap&tenor=1Y
PLN-CMS-30Y	oresmd://ir/PLN?type=fixing&index=swap&tenor=30Y
PLN-POLONIA	oresmd://ir/PLN?type=fixing&index=ibor&name=POLONIA
PLN-WIBOR	oresmd://ir/PLN?type=fixing&index=ibor&name=WIBOR
PLN-WIBOR-12M	oresmd://ir/PLN?type=fixing&index=ibor&name=WIBOR&tenor=12M
PLN-WIBOR-1M	oresmd://ir/PLN?type=fixing&index=ibor&name=WIBOR&tenor=1M
PLN-WIBOR-3M	oresmd://ir/PLN?type=fixing&index=ibor&name=WIBOR&tenor=3M
PLN-WIBOR-6M	oresmd://ir/PLN?type=fixing&index=ibor&name=WIBOR&tenor=6M
PLN-WIBORON	oresmd://ir/PLN?type=fixing&index=ibor&name=WIBORON
PYG-GENERIC	oresmd://ir/PYG?type=fixing&index=ibor&name=GENERIC
PYG-GENERIC-3M	oresmd://ir/PYG?type=fixing&index=ibor&name=GENERIC&tenor=3M
QAR-CMS-1Y	oresmd://ir/QAR?type=fixing&index=swap&tenor=1Y
QAR-CMS-30Y	oresmd://ir/QAR?type=fixing&index=swap&tenor=30Y
QAR-GENERIC	oresmd://ir/QAR?type=fixing&index=ibor&name=GENERIC
QAR-GENERIC-3M	oresmd://ir/QAR?type=fixing&index=ibor&name=GENERIC&tenor=3M
RON-CMS-1Y	oresmd://ir/RON?type=fixing&index=swap&tenor=1Y
RON-CMS-30Y	oresmd://ir/RON?type=fixing&index=swap&tenor=30Y
RON-GENERIC	oresmd://ir/RON?type=fixing&index=ibor&name=GENERIC
RON-GENERIC-3M	oresmd://ir/RON?type=fixing&index=ibor&name=GENERIC&tenor=3M
RON-ROBOR-3M	oresmd://ir/RON?type=fixing&index=ibor&name=ROBOR&tenor=3M
RSD-CMS-1Y	oresmd://ir/RSD?type=fixing&index=swap&tenor=1Y
RSD-CMS-30Y	oresmd://ir/RSD?type=fixing&index=swap&tenor=30Y
RSD-GENERIC	oresmd://ir/RSD?type=fixing&index=ibor&name=GENERIC
RSD-GENERIC-3M	oresmd://ir/RSD?type=fixing&index=ibor&name=GENERIC&tenor=3M
RUB-CMS-1Y	oresmd://ir/RUB?type=fixing&index=swap&tenor=1Y
RUB-CMS-30Y	oresmd://ir/RUB?type=fixing&index=swap&tenor=30Y
RUB-KEYRATE	oresmd://ir/RUB?type=fixing&index=ibor&name=KEYRATE
RUB-KEYRATE-1W	oresmd://ir/RUB?type=fixing&index=ibor&name=KEYRATE&tenor=1W
RUB-MOSPRIME	oresmd://ir/RUB?type=fixing&index=ibor&name=MOSPRIME
RUB-MOSPRIME-1M	oresmd://ir/RUB?type=fixing&index=ibor&name=MOSPRIME&tenor=1M
RUB-MOSPRIME-3M	oresmd://ir/RUB?type=fixing&index=ibor&name=MOSPRIME&tenor=3M
RUB-RUONIA	oresmd://ir/RUB?type=fixing&index=ibor&name=RUONIA
RWF-GENERIC	oresmd://ir/RWF?type=fixing&index=ibor&name=GENERIC
RWF-GENERIC-3M	oresmd://ir/RWF?type=fixing&index=ibor&name=GENERIC&tenor=3M
SAR-CMS-1Y	oresmd://ir/SAR?type=fixing&index=swap&tenor=1Y
SAR-CMS-30Y	oresmd://ir/SAR?type=fixing&index=swap&tenor=30Y
SAR-GENERIC	oresmd://ir/SAR?type=fixing&index=ibor&name=GENERIC
SAR-GENERIC-3M	oresmd://ir/SAR?type=fixing&index=ibor&name=GENERIC&tenor=3M
SAR-SAIBOR-12M	oresmd://ir/SAR?type=fixing&index=ibor&name=SAIBOR&tenor=12M
SAR-SAIBOR-3M	oresmd://ir/SAR?type=fixing&index=ibor&name=SAIBOR&tenor=3M
SECPI	oresmd://inflation/SECPI?type=fixing&index=inflation
SEK-CMS-1Y	oresmd://ir/SEK?type=fixing&index=swap&tenor=1Y
SEK-CMS-30Y	oresmd://ir/SEK?type=fixing&index=swap&tenor=30Y
SEK-SIOR	oresmd://ir/SEK?type=fixing&index=ibor&name=SIOR
SEK-STIBOR	oresmd://ir/SEK?type=fixing&index=ibor&name=STIBOR
SEK-STIBOR-1M	oresmd://ir/SEK?type=fixing&index=ibor&name=STIBOR&tenor=1M
SEK-STIBOR-3M	oresmd://ir/SEK?type=fixing&index=ibor&name=STIBOR&tenor=3M
SEK-STIBOR-6M	oresmd://ir/SEK?type=fixing&index=ibor&name=STIBOR&tenor=6M
SGD-CMS-1Y	oresmd://ir/SGD?type=fixing&index=swap&tenor=1Y
SGD-CMS-30Y	oresmd://ir/SGD?type=fixing&index=swap&tenor=30Y
SGD-SIBOR	oresmd://ir/SGD?type=fixing&index=ibor&name=SIBOR
SGD-SIBOR-1M	oresmd://ir/SGD?type=fixing&index=ibor&name=SIBOR&tenor=1M
SGD-SIBOR-3M	oresmd://ir/SGD?type=fixing&index=ibor&name=SIBOR&tenor=3M
SGD-SIBOR-6M	oresmd://ir/SGD?type=fixing&index=ibor&name=SIBOR&tenor=6M
SGD-SOR-3M	oresmd://ir/SGD?type=fixing&index=ibor&name=SOR&tenor=3M
SGD-SOR-6M	oresmd://ir/SGD?type=fixing&index=ibor&name=SOR&tenor=6M
SGD-SORA	oresmd://ir/SGD?type=fixing&index=ibor&name=SORA
SGD-SORON	oresmd://ir/SGD?type=fixing&index=ibor&name=SORON
THB-BIBOR	oresmd://ir/THB?type=fixing&index=ibor&name=BIBOR
THB-BIBOR-3M	oresmd://ir/THB?type=fixing&index=ibor&name=BIBOR&tenor=3M
THB-BIBOR-6M	oresmd://ir/THB?type=fixing&index=ibor&name=BIBOR&tenor=6M
THB-CMS-1Y	oresmd://ir/THB?type=fixing&index=swap&tenor=1Y
THB-CMS-30Y	oresmd://ir/THB?type=fixing&index=swap&tenor=30Y
THB-THBFIX	oresmd://ir/THB?type=fixing&index=ibor&name=THBFIX
THB-THBFIX-3M	oresmd://ir/THB?type=fixing&index=ibor&name=THBFIX&tenor=3M
THB-THBFIX-6M	oresmd://ir/THB?type=fixing&index=ibor&name=THBFIX&tenor=6M
THB-THOR	oresmd://ir/THB?type=fixing&index=ibor&name=THOR
TJS-GENERIC	oresmd://ir/TJS?type=fixing&index=ibor&name=GENERIC
TJS-GENERIC-3M	oresmd://ir/TJS?type=fixing&index=ibor&name=GENERIC&tenor=3M
TND-CMS-1Y	oresmd://ir/TND?type=fixing&index=swap&tenor=1Y
TND-CMS-30Y	oresmd://ir/TND?type=fixing&index=swap&tenor=30Y
TND-GENERIC	oresmd://ir/TND?type=fixing&index=ibor&name=GENERIC
TND-GENERIC-3M	oresmd://ir/TND?type=fixing&index=ibor&name=GENERIC&tenor=3M
TRY-CMS-1Y	oresmd://ir/TRY?type=fixing&index=swap&tenor=1Y
TRY-CMS-30Y	oresmd://ir/TRY?type=fixing&index=swap&tenor=30Y
TRY-TLREF	oresmd://ir/TRY?type=fixing&index=ibor&name=TLREF
TRY-TRIBORON	oresmd://ir/TRY?type=fixing&index=ibor&name=TRIBORON
TRY-TRLIBOR	oresmd://ir/TRY?type=fixing&index=ibor&name=TRLIBOR
TRY-TRLIBOR-12M	oresmd://ir/TRY?type=fixing&index=ibor&name=TRLIBOR&tenor=12M
TRY-TRLIBOR-3M	oresmd://ir/TRY?type=fixing&index=ibor&name=TRLIBOR&tenor=3M
TWD-CMS-1Y	oresmd://ir/TWD?type=fixing&index=swap&tenor=1Y
TWD-CMS-30Y	oresmd://ir/TWD?type=fixing&index=swap&tenor=30Y
TWD-GENERIC	oresmd://ir/TWD?type=fixing&index=ibor&name=GENERIC
TWD-GENERIC-3M	oresmd://ir/TWD?type=fixing&index=ibor&name=GENERIC&tenor=3M
TWD-TAIBOR	oresmd://ir/TWD?type=fixing&index=ibor&name=TAIBOR
TWD-TAIBOR-3M	oresmd://ir/TWD?type=fixing&index=ibor&name=TAIBOR&tenor=3M
TZS-GENERIC	oresmd://ir/TZS?type=fixing&index=ibor&name=GENERIC
TZS-GENERIC-3M	oresmd://ir/TZS?type=fixing&index=ibor&name=GENERIC&tenor=3M
UAH-CMS-1Y	oresmd://ir/UAH?type=fixing&index=swap&tenor=1Y
UAH-CMS-30Y	oresmd://ir/UAH?type=fixing&index=swap&tenor=30Y
UAH-GENERIC	oresmd://ir/UAH?type=fixing&index=ibor&name=GENERIC
UAH-GENERIC-3M	oresmd://ir/UAH?type=fixing&index=ibor&name=GENERIC&tenor=3M
UGX-CMS-1Y	oresmd://ir/UGX?type=fixing&index=swap&tenor=1Y
UGX-CMS-30Y	oresmd://ir/UGX?type=fixing&index=swap&tenor=30Y
UGX-GENERIC	oresmd://ir/UGX?type=fixing&index=ibor&name=GENERIC
UGX-GENERIC-3M	oresmd://ir/UGX?type=fixing&index=ibor&name=GENERIC&tenor=3M
UKCPI	oresmd://inflation/UKCPI?type=fixing&index=inflation
UKCPIH	oresmd://inflation/UKCPIH?type=fixing&index=inflation
UKRPI	oresmd://inflation/UKRPI?type=fixing&index=inflation
UKRPIX	oresmd://inflation/UKRPIX?type=fixing&index=inflation
USCPI	oresmd://inflation/USCPI?type=fixing&index=inflation
USCPIA	oresmd://inflation/USCPIA?type=fixing&index=inflation
USD-AMERIBOR	oresmd://ir/USD?type=fixing&index=ibor&name=AMERIBOR
USD-BSBY	oresmd://ir/USD?type=fixing&index=ibor&name=BSBY
USD-BSBY-12M	oresmd://ir/USD?type=fixing&index=ibor&name=BSBY&tenor=12M
USD-BSBY-1M	oresmd://ir/USD?type=fixing&index=ibor&name=BSBY&tenor=1M
USD-BSBY-3M	oresmd://ir/USD?type=fixing&index=ibor&name=BSBY&tenor=3M
USD-BSBY-6M	oresmd://ir/USD?type=fixing&index=ibor&name=BSBY&tenor=6M
USD-CMS-10Y	oresmd://ir/USD?type=fixing&index=swap&tenor=10Y
USD-CMS-15Y	oresmd://ir/USD?type=fixing&index=swap&tenor=15Y
USD-CMS-1Y	oresmd://ir/USD?type=fixing&index=swap&tenor=1Y
USD-CMS-20Y	oresmd://ir/USD?type=fixing&index=swap&tenor=20Y
USD-CMS-2Y	oresmd://ir/USD?type=fixing&index=swap&tenor=2Y
USD-CMS-30Y	oresmd://ir/USD?type=fixing&index=swap&tenor=30Y
USD-CMS-3Y	oresmd://ir/USD?type=fixing&index=swap&tenor=3Y
USD-CMS-4Y	oresmd://ir/USD?type=fixing&index=swap&tenor=4Y
USD-CMS-5Y	oresmd://ir/USD?type=fixing&index=swap&tenor=5Y
USD-CMS-6Y	oresmd://ir/USD?type=fixing&index=swap&tenor=6Y
USD-CMS-7Y	oresmd://ir/USD?type=fixing&index=swap&tenor=7Y
USD-CMS-8Y	oresmd://ir/USD?type=fixing&index=swap&tenor=8Y
USD-CMS-9Y	oresmd://ir/USD?type=fixing&index=swap&tenor=9Y
USD-CMS-LIBOR1M-1Y	oresmd://ir/USD?type=fixing&index=swap&tag=LIBOR1M&tenor=1Y
USD-CMS-LIBOR1M-30Y	oresmd://ir/USD?type=fixing&index=swap&tag=LIBOR1M&tenor=30Y
USD-CMS-LIBOR3M-10Y	oresmd://ir/USD?type=fixing&index=swap&tag=LIBOR3M&tenor=10Y
USD-CMS-LIBOR3M-1Y	oresmd://ir/USD?type=fixing&index=swap&tag=LIBOR3M&tenor=1Y
USD-CMS-LIBOR3M-2Y	oresmd://ir/USD?type=fixing&index=swap&tag=LIBOR3M&tenor=2Y
USD-CMS-LIBOR3M-30Y	oresmd://ir/USD?type=fixing&index=swap&tag=LIBOR3M&tenor=30Y
USD-CMS-LIBOR6M-1Y	oresmd://ir/USD?type=fixing&index=swap&tag=LIBOR6M&tenor=1Y
USD-CMS-LIBOR6M-30Y	oresmd://ir/USD?type=fixing&index=swap&tag=LIBOR6M&tenor=30Y
USD-CMS-SOFR-10Y	oresmd://ir/USD?type=fixing&index=swap&tag=SOFR&tenor=10Y
USD-CMS-SOFR-15Y	oresmd://ir/USD?type=fixing&index=swap&tag=SOFR&tenor=15Y
USD-CMS-SOFR-1Y	oresmd://ir/USD?type=fixing&index=swap&tag=SOFR&tenor=1Y
USD-CMS-SOFR-20Y	oresmd://ir/USD?type=fixing&index=swap&tag=SOFR&tenor=20Y
USD-CMS-SOFR-2Y	oresmd://ir/USD?type=fixing&index=swap&tag=SOFR&tenor=2Y
USD-CMS-SOFR-30Y	oresmd://ir/USD?type=fixing&index=swap&tag=SOFR&tenor=30Y
USD-CMS-SOFR-3Y	oresmd://ir/USD?type=fixing&index=swap&tag=SOFR&tenor=3Y
USD-CMS-SOFR-4Y	oresmd://ir/USD?type=fixing&index=swap&tag=SOFR&tenor=4Y
USD-CMS-SOFR-5Y	oresmd://ir/USD?type=fixing&index=swap&tag=SOFR&tenor=5Y
USD-CMS-SOFR-6Y	oresmd://ir/USD?type=fixing&index=swap&tag=SOFR&tenor=6Y
USD-CMS-SOFR-7Y	oresmd://ir/USD?type=fixing&index=swap&tag=SOFR&tenor=7Y
USD-CMS-SOFR-8Y	oresmd://ir/USD?type=fixing&index=swap&tag=SOFR&tenor=8Y
USD-CMS-SOFR-9Y	oresmd://ir/USD?type=fixing&index=swap&tag=SOFR&tenor=9Y
USD-CMS-SOFR12M-1Y	oresmd://ir/USD?type=fixing&index=swap&tag=SOFR12M&tenor=1Y
USD-CMS-SOFR12M-30Y	oresmd://ir/USD?type=fixing&index=swap&tag=SOFR12M&tenor=30Y
USD-CMS-SOFR1M-1Y	oresmd://ir/USD?type=fixing&index=swap&tag=SOFR1M&tenor=1Y
USD-CMS-SOFR1M-30Y	oresmd://ir/USD?type=fixing&index=swap&tag=SOFR1M&tenor=30Y
USD-CMS-SOFR3M-1Y	oresmd://ir/USD?type=fixing&index=swap&tag=SOFR3M&tenor=1Y
USD-CMS-SOFR3M-30Y	oresmd://ir/USD?type=fixing&index=swap&tag=SOFR3M&tenor=30Y
USD-CMS-SOFR6M-1Y	oresmd://ir/USD?type=fixing&index=swap&tag=SOFR6M&tenor=1Y
USD-CMS-SOFR6M-30Y	oresmd://ir/USD?type=fixing&index=swap&tag=SOFR6M&tenor=30Y
USD-FedFunds	oresmd://ir/USD?type=fixing&index=ibor&name=FedFunds
USD-LIBOR	oresmd://ir/USD?type=fixing&index=ibor&name=LIBOR
USD-LIBOR-12M	oresmd://ir/USD?type=fixing&index=ibor&name=LIBOR&tenor=12M
USD-LIBOR-1M	oresmd://ir/USD?type=fixing&index=ibor&name=LIBOR&tenor=1M
USD-LIBOR-3M	oresmd://ir/USD?type=fixing&index=ibor&name=LIBOR&tenor=3M
USD-LIBOR-6M	oresmd://ir/USD?type=fixing&index=ibor&name=LIBOR&tenor=6M
USD-OBFR	oresmd://ir/USD?type=fixing&index=ibor&name=OBFR
USD-Prime	oresmd://ir/USD?type=fixing&index=ibor&name=Prime
USD-SIFMA	oresmd://ir/USD?type=fixing&index=ibor&name=SIFMA
USD-SOFR	oresmd://ir/USD?type=fixing&index=ibor&name=SOFR
USD-SOFR-12M	oresmd://ir/USD?type=fixing&index=ibor&name=SOFR&tenor=12M
USD-SOFR-1M	oresmd://ir/USD?type=fixing&index=ibor&name=SOFR&tenor=1M
USD-SOFR-3M	oresmd://ir/USD?type=fixing&index=ibor&name=SOFR&tenor=3M
USD-SOFR-6M	oresmd://ir/USD?type=fixing&index=ibor&name=SOFR&tenor=6M
UYU-CMS-1Y	oresmd://ir/UYU?type=fixing&index=swap&tenor=1Y
UYU-CMS-30Y	oresmd://ir/UYU?type=fixing&index=swap&tenor=30Y
UYU-GENERIC	oresmd://ir/UYU?type=fixing&index=ibor&name=GENERIC
UYU-GENERIC-3M	oresmd://ir/UYU?type=fixing&index=ibor&name=GENERIC&tenor=3M
UZS-GENERIC	oresmd://ir/UZS?type=fixing&index=ibor&name=GENERIC
UZS-GENERIC-3M	oresmd://ir/UZS?type=fixing&index=ibor&name=GENERIC&tenor=3M
VND-CMS-1Y	oresmd://ir/VND?type=fixing&index=swap&tenor=1Y
VND-CMS-30Y	oresmd://ir/VND?type=fixing&index=swap&tenor=30Y
VND-GENERIC	oresmd://ir/VND?type=fixing&index=ibor&name=GENERIC
VND-GENERIC-3M	oresmd://ir/VND?type=fixing&index=ibor&name=GENERIC&tenor=3M
XAF-GENERIC	oresmd://ir/XAF?type=fixing&index=ibor&name=GENERIC
XAF-GENERIC-3M	oresmd://ir/XAF?type=fixing&index=ibor&name=GENERIC&tenor=3M
XOF-CMS-1Y	oresmd://ir/XOF?type=fixing&index=swap&tenor=1Y
XOF-CMS-30Y	oresmd://ir/XOF?type=fixing&index=swap&tenor=30Y
XOF-GENERIC	oresmd://ir/XOF?type=fixing&index=ibor&name=GENERIC
XOF-GENERIC-3M	oresmd://ir/XOF?type=fixing&index=ibor&name=GENERIC&tenor=3M
ZACPI	oresmd://inflation/ZACPI?type=fixing&index=inflation
ZAR-CMS-1Y	oresmd://ir/ZAR?type=fixing&index=swap&tenor=1Y
ZAR-CMS-30Y	oresmd://ir/ZAR?type=fixing&index=swap&tenor=30Y
ZAR-JIBAR	oresmd://ir/ZAR?type=fixing&index=ibor&name=JIBAR
ZAR-JIBAR-1M	oresmd://ir/ZAR?type=fixing&index=ibor&name=JIBAR&tenor=1M
ZAR-JIBAR-3M	oresmd://ir/ZAR?type=fixing&index=ibor&name=JIBAR&tenor=3M
ZAR-SABOR	oresmd://ir/ZAR?type=fixing&index=ibor&name=SABOR
ZAR-ZARONIA	oresmd://ir/ZAR?type=fixing&index=ibor&name=ZARONIA
ZMW-CMS-1Y	oresmd://ir/ZMW?type=fixing&index=swap&tenor=1Y
ZMW-CMS-30Y	oresmd://ir/ZMW?type=fixing&index=swap&tenor=30Y
ZMW-GENERIC	oresmd://ir/ZMW?type=fixing&index=ibor&name=GENERIC
ZMW-GENERIC-3M	oresmd://ir/ZMW?type=fixing&index=ibor&name=GENERIC&tenor=3M
